[
    {
        "id": "1713436865899",
        "name": "Test 2",
        "type": "Fire/Flying",
        "level": 10
    },
    {
        "id": "1713437003699",
        "name": "Test 2",
        "type": "Fire/Flying",
        "level": 10
    },
    {
        "id": "1713437106165",
        "name": "Test 2",
        "type": "Fire/Flying",
        "level": 10
    },
    {
        "id": "1713439803286",
        "name": "Test 2",
        "type": "Fire/Flying",
        "level": 10
    },
    {
        "id": "1713439814146",
        "name": "TEST",
        "type": "Fire/Flying",
        "level": 10
    }
]